Index,Name
0, Pembe Çuha Çiçeði
1, Sert Yapraklý Orkide
2,Campanula Medium
3, Tatlý Bezelye
4, Ýngiliz Kadife Çiçeði
5,Kaplan Zambak
6, Ay Orkide
7,Cennet Kuþu
8, Kurtboðan
9, Eþek Dikeni
10,Aslanaðzý
11, Öksürükotu
12,Kral Protea
13,Devedikeni
14,Sarýsüsen
15,Küre Çiçeði
16,Ekinezya
17,Alstromerya
18,Balon Çiçeði
19, Gala Çiçeði
20,Ateþ Zambaðý
21, Ýðne Yastýðý Çiçeði
22, Fritillaria
23, Kýrmýzý Zencefil
24, Türk Sümbülü
25, Gelincik
26, Galler Tüy Çiçeði
27, Sapsýz Gentian
28, Enginar
29, Hüsnüyusuf Çiçeði
30, Karanfil
31, Alev Çiçeði
32, Þam Çörek Otu
33, Meksika Yýldýzý 
34, Alp Deniz Ýðdesi
35, Cattleya Labiata 
36, Nerine Bowdenii 
37,Havaifiþek Çiçeði
38,Siam Lalesi  
39,Çöplemecik
40,Barberton Papatya
41,Nergis
42,Kuzgunkýlýcý
43,Atatürk Çiçeði
44,Bolero Mavisi
45,Þebboy
46,Kadife Çiçeði 
47,Altýntabak Çiçeði
48,Beyaz Ay Papatyasý
49,Karahindiba
50,Petunya
51,Hercai Menekþe
52,Çuha Çiçeði
53,Ayçiçeði
54,Itýr
55,Yýldýz Çiçeði
56,Gavura Çiçeði  
57,Turnagagasý
58,Turuncu Dalya
59,Pembe Sarý Dalya
60,Cautleya Spicata
61,Japon Dað Lalesi 
62,Güneþ Þapkasý
63,Gümüþ Çalýsý
64,Acem Lalesi
65,Kýr papatyasý
66,Bahar Çiðdemi
67,Alman Süseni
68,Rüzgar Çiçeði
69,Romneya Coulteri 
70,Koyun Gözü Çiçeði
71,Orman gülü
72,Nilüfer 
73,Gül
74,Boru Çiçeði
75,Gündüz Sefasý
76,Çarkýfelek
77,Hint lotusu
78,Tüylü Kurbaða Zambaðý 
79,Antoryum
80,Plumeria 
81,Akasma
82,Hibiscus
83,Hasekiküpesi 
84,Çöl Gülü
85,Ebegümeci
86,Manolya 
87,Siklamen
88,Su Teresi
89,Kana Çiçeði
90, Güzel Hatun Çiçeði 
91,Arý Otu
92,Top Yosunu
93,Yüksükotu
94,Begonvil Sarmaþýðý
95,Kamelya
96,Ebegümeci 
97,Meksika Petunyasý
98, Bromelya
99, Gayret Çiçeði
100,Acemborusu 
101,Böðürtlen Zambaðý 
